id,area_id,name,description,hint1,hint2,hint3,
GQ,Africa,赤道ギニア,赤道と名はつくが、実は赤道は通っていない。首都は大陸部ではなくビオコ島に置かれている。かつてはコーヒー豆やカカオ豆などの農林水産業を行っていたが、90年代に油田が開発され、鉱業へシフトチェンジした。,実は赤道を通っていない,首都マラボはビオコ島にある,石油産出国である,
US,NorthAmerica,アメリカ,世界第3位の国土と人口を持つ。雄大な大自然や魅力的な観光スポットが多いことで有名。歴史は浅く、移民が多くいることもあり多くの国家の特徴を合わせ持つ。公用語は存在せず、国内では300種類以上の言語が使用されていると言われている。陸上国境は2か国との間にしかないが、海上国境はロシアなど多くの国との間に存在する。ロシアとは最も近い所でたった4kmしか離れておらず、冬季は海が凍結し歩いて渡ることも可能。,世界第3位の国土と人口を持つ,300種類以上の言語が使用されている,ロシア領との最短距離は4km,
CA,NorthAmerica,カナダ,世界で二番目に大きな国土を誇る。その国土の40％が森林で、世界屈指の様々な自然環境を満喫できる。また、その他の国々を合わせた数よりも多くの湖があり、世界中の森林の10%がカナダ国内にある。カリブーやホッキョクグマ、クジラなどの動物もたくさん生息している。世界のメープルシロップの70％以上がカナダで生産されている。国民1人 あたりのドーナツショップの数が世界一で、ドーナツ消費量も世界一である。,国土の40％が森林,国民1人 あたりのドーナツショップの数が世界一,世界で二番目に大きな国土を持つ国,
MX,LatinAmericaandCaribbean,メキシコ,北にアメリカ合衆国と南東にグアテマラ、ベリーズと国境を接する。スペイン語圏において最も人口の多い国である。首都メキシコシティをはじめとした都市が標高2000ｍ級の大地に点在する。またメキシコシティはかつて湖だった場所に作られており、年々少しずつ沈んでいる。世界最小の火山と世界最大のピラミッドが存在する。パーティや祭りが盛んで、死者の日など有名な祭りが年中たくさん行われている。,都市が標高2000ｍ級の大地に点在する,首都の土地がが少しずつ沈んでいる,世界最大のピラミッドが存在する,
BR,LatinAmericaandCaribbean,ブラジル,ラテンアメリカで領土・人口が最大の国で、世界最大のポルトガル語使用人口を擁する国でもある。サッカーとカーニバルが有名。世界で生産されるコーヒー豆の約3割を生産している。南米諸国で接していないのはチリとエクアドルだけである。国旗の中央の円はリオデジャネイロの空に見える星座を表している。星はそれぞれブラジルの州を表しており、中央の白い帯は黄道を表し、秩序と進歩という意味のポルトガル語が記されている。,南米諸国で接していないのはチリとエクアドルだけ,世界最大のポルトガル語使用人口を擁する国,サッカーとカーニバルが有名,
AR,LatinAmericaandCaribbean,アルゼンチン,ラテンアメリカで2番目に領土が大きく、亜熱帯雨林と砂漠のような峡谷、パタゴニアの森、湖、氷河など相反する風景が凝縮された国。首都であるブエノスアイレスは南アメリカのパリと呼ばれており、ラテンアメリカで最もヨーロッパ的な文化を持つ。しかし、ガウチョの伝統やタンゴのように独自の文化的要素もある。国旗はスペインからの独立運動の際に使われた軍服の色からできており、中央の太陽は五月の太陽と呼ばれる。,首都は南アメリカのパリと呼ばれている,ラテンアメリカで2番目に領土が大きい,ガウチョの伝統やタンゴが有名,
VE,LatinAmericaandCaribbean,ベネズエラ,南アメリカ大陸でも指折りの自然の宝庫として知られており、国土の40%以上が自然保護区域で、野生動物や森林の生態が守られている。世界最大の落差を誇るエンジェルフォールや世界で一番雷が集中する地域と言われるマラカイボ湖が有名。原油埋蔵量は世界最大。国旗の星は独立戦争時代に立ち上がった植民地州を表す。しかし8つ目の星であるガイアナは現在独立国でありベネズエラの一部ではない。,国土の40%以上が自然保護区域,エンジェルフォールが観光地として人気,原油埋蔵量は世界最大,
UY,LatinAmericaandCaribbean,ウルグアイ,南アメリカ大陸で二番目に面積が小さく、日本から一番遠い国である。人よりも牛の数の方が多く、国民1人当たりの牛肉消費量は世界一。生活水準が安定しており、首都モンテビデオは中南米で生活の質が最も高い都市に選ばれている。南米で唯一の福祉国家で、南米のスイスと呼ばれる。第一回サッカーW杯の開催地かつ優勝国である。国旗の白と青の９本の縞は独立に参加した９地方を表している。左上の太陽は５月の太陽と呼ばれる。,日本から一番遠い国,南米で唯一の福祉国家で南米のスイスと呼ばれる,第一回サッカーW杯の開催地かつ優勝国,
CO,LatinAmericaandCaribbean,コロンビア,豊かな自然に恵まれ、非常に多様な環境と文化、民族（88の部族と200の言語集団）を持つ国である。世界的なコーヒー豆の産地として知られるほか、エメラルドの産出量は世界一。首都ボゴタは人口500万人以上の都市の中で最も高い標高2700mに位置する。サッカーが盛んで有名だが、自転車競技も非常に盛んで世界最長のサイクリングロードがあり、毎週日曜日・祝日には転車・歩行者への道路の開放が行われている。,エメラルドの産出量世界一,首都は標高2700mに位置する,世界最長のサイクリングロードがある,
MA,Africa,モロッコ,青い街並み「シャウエン」がフォトジェニックな観光地として有名。歴史上の理由からアラブやヨーロッパなど様々な文化が入り混じる国。チュニジア、アルジェリアと合わせて「マグレブ三国」と呼ばれる。,青い街並み「シャウエン」が有名,アラブやヨーロッパなどの様々な文化が入り混じっている,「マグレブ三国」のひとつ,
TN,Africa,チュニジア,カルタゴ帝国時代には地中海覇権の中心となった国。当時の拠点は現在の首都チュニス付近である。スターウォーズのロケ地として使われ、現在でも撮影時のセットが残っている。ヨーロッパ人に人気のリゾート地がある。,スターウォーズのロケ地になった,カルタゴ遺跡がある,ヨーロッパ人に人気のリゾート地がある,
CL,LatinAmericaandCaribbean,チリ,赤道近くの北部から極寒の南極近い南部まで、南北に4300kmにも及ぶ国土を持つ。そのため地域によって大きく気候が変化する。世界一きれいな星空が見れると言われるアタカマ砂漠には、世界で最も大きな天文観測所がある。観光地で有名なモアイ像が並ぶイースター島がある。本土から3700㎞離れた沖合に位置し、地球上で最も孤立している島と言われている。日本に輸入されるサケの約8割以上がチリ産である。,"南北に4,300kmにも及ぶ国土を持つ",世界で最も大きな天文観測所がある,モアイ像が並ぶイースター島がある,
PE,LatinAmericaandCaribbean,ペルー,たくさんの文化や伝統にあふれ、砂漠から高地、ジャングルまで気候風土が異なる豊かな自然に恵まれた国。紀元前から多くの古代文明が栄えており、16世紀までは当時の世界で最大級の帝国だったインカ帝国の中心地だった。ナスカの地上絵や、マチュピチュ遺跡、チチカカ湖、レインボーマウンテンなどの観光地が有名。また、合計12個のユネスコ世界遺産があり世界に存在する117個の生物分布帯のうち84個がペルーにある。,インカ帝国の中心地だった,ナスカの地上絵や、マチュピチュ遺跡が有名,チチカカ湖、レインボーマウンテンが有名,
MR,Africa,モーリタニア,日本のタコの主な輸入元。国旗に描かれた三日月と星は、イスラム教国家であることを表している。国土の多くが砂漠であるため、首都アヌクショットは総人口の３分の１が居住している。,タコが獲れる,国土の多くが砂漠,首都はアヌクショット,
DZ,Africa,アルジェリア,国土面積はアフリカで1位、世界で10位を誇る。現地アラビア語では「シャザイール」という国名。伝統料理は「クスクス」。,国土面積はアフリカ1位,伝統料理は「クスクス」,アラビア語では「シャザイール」という国名,
LY,Africa,リビア,国名リビアは、ギリシャ神話の登場人物リビュエーに由来する。2011年までは緑一色の国旗だった。公用語はアラビア語であるが、一部ではイタリア語も通用する。,国名はギリシャ神話の登場人物リビュエーに由来,国旗が緑一色だった時期がある,公用語はアラビア語,
EG,Africa,エジプト,古代エジプト文明が栄えた地であり、ピラミッドやスフィンクスが有名。人が住む地域は国土の約6%のみで、残りの大半は砂漠地帯である。,ピラミッド,スフィンクス,人が住んでいる地域は国土の6%のみ,
JP,Asia,日本,春・夏・秋・冬の四季がある。農業人口はわずか４％にまで低下。主食の米はほぼ自給できているが、そのほかの作物は多くを輸入している。神道や仏教などが建築や習慣に自然に溶け込んでいるため「無宗教である」という意識をもつ国民が多い。,四季がある,無宗教の人が多い,農業人口はわずか４％,
CN,Asia,中国,人口は約14億人で世界最多である。経済大国第2位になり、国内総生産（GDP）でも世界第2位である。紙・印刷・火薬・羅針盤のいわゆる「4大発明」のすべては中国で発明され、のちヨーロッパに伝わって改良されたものである。,人口は約14億人で世界最多,経済大国第2位、国内総生産（GDP）でも世界第2位,紙・印刷・火薬・羅針盤が発明された,
CI,Africa,コートジボワール,カカオやコーヒー豆の一大生産国で、サッカー強豪国。ギネスブックにより世界最大とされる教会「平和の聖母聖堂」がある。,カカオやコーヒー豆の一大生産国,サッカー強豪国,ギネスブックにより世界最大とされる教会「平和の聖母聖堂」がある,
MG,Africa,マダガスカル,インド洋に浮かぶ、世界第4位の大きさの島国で、独自の生態系をもち、ここにしか生息しない珍しい動植物が数多く存在する。カメレオンの聖地とも呼ばれる。,インド洋に浮かぶ、世界第4位の大きさの島国,独自の生態系をもち、ここにしか生息しない珍しい動植物が数多く存在,カメレオンの聖地,
ET,Africa,エチオピア,80以上もの民族が共存し、多種多様な文化を持つ国。世界最古の独立国である。コーヒーに塩を入れて飲む文化がある。,コーヒーに塩を入れて飲む文化がある,80以上もの民族が共存,世界最古の独立国,
KR,Asia,韓国,近年はスマートフォンとその関連部品の開発で知られる。国旗は太極旗とも呼ばれ、白地が国土を、円が国民を、四つの四角い記号が政府を意味する。酩酊状態だと減刑される。,近年はスマートフォンとその関連部品の開発が有名,国旗の白地が国土を、円が国民を、四つの四角い記号が政府を意味する,酩酊状態だと減刑される。,
AF,Asia,アフガニスタン,1人あたりのGDPはアジアの中でもっとも低い。一夫多妻婚が法的に容認されている。ラピスラズリがお土産として有名。,1人あたりのGDPはアジアの中でもっとも低い,一夫多妻婚が法的に容認されている,ラピスラズリがお土産として有名。,
AE,Asia,アラブ首長国連邦,GDPの約40%が石油と天然ガスで占められ、日本がその最大の輸出先である。国土の大部分は、平坦な砂漠地帯であり、南部には砂丘も見られる。イスラム教国家であるため、小学校から大学にいたるまですべてが男女別学であるが、幼稚園のみは男女共学となっている。,GDPの約40%が石油と天然ガスで占められる,国土の大部分は平坦な砂漠地帯,幼稚園を除いて学校は男女別額,
TR,Asia,トルコ,国土はヨーロッパ州とアジア州にまたがっている。ケバブ発祥の地。ギリシア神話に登場する都市イリオスがあったとされ、遺跡の入り口には、有名な「トロイの木馬」の複製が建てられている。,国土はヨーロッパ州とアジア州にまたがる,ケバブ発祥の国,トロイの木馬が有名,
IN,Asia,インド,世界では7位の面積と世界第2位の人口を持つ。現地では香辛料を使った煮込み料理を「カレー」とは呼ばない。22の公用語があり、各州で言語が異なる多言語国家です。,世界では7位の面積と世界第2位の人口を持つ。,現地では香辛料を使った煮込み料理を「カレー」とは呼ばない,22の公用語がある,
BD,Asia,バングラデシュ,人口の42.7%は農業に従事し、国民の7割以上が農村に住む。豚肉や豚の加工品は忌避されている。国旗は日本の日の丸を参考にしたと言われる。,人口の42.7%は農業に従事する,豚肉や豚の加工品は忌避されている,国旗は日本の日の丸を参考にした,
VN,Asia,ベトナム,東西の幅は最も狭い部分ではわずか50kmしかない。カシューナッツと黒胡椒の生産は世界の1/3を占め1位。料理は春巻きやフォーが有名。,東西の幅は最も狭い部分ではわずか50kmしかない,カシューナッツと黒胡椒の生産は世界1位,料理は春巻きやフォーが有名,
MY,Asia,マレーシア,海のシルクロードと呼ばれる。3つの主要民族と地域の歴史が複雑に入り混じる。セパタクローが国技として親しまれる。,海のシルクロードと呼ばれる,3つの主要民族と地域の歴史が複雑に入り混じる,セパタクローが国技として親しまれる,
MM,Asia,ミャンマー,主要農産物は米で、農地の60%を水田が占める。世界のルビーの9割を産出し、タイがそのほとんどを購入している。一般的に姓は持たない。,農地の60%を水田が占める,世界のルビーの9割を産出される,一般的に姓は持たない。,
MN,Asia,モンゴル,国連加盟国の中で人口密度が最も低い国である。1日2ドル未満で暮らす貧困層は115万人と推計されており、国民の40パーセント以上を占めている。貧困人口の42%を14歳以下の子どもたちが占めている。,国連加盟国の中で人口密度が最も低い国,国民の40パーセント以上が1日2ドル未満で暮らす貧困層,貧困人口の42%を14歳以下の子どもたちが占める,
SG,Asia,シンガポール,国語はマレー語だが、公用語が4言語あるので国名の正式名称も各言語ごとにある。63の島からなる。農業や漁業の規模は極めて小さく、食料の9割以上を輸入に頼る。,公用語が4言語のためその数だけ国名がある,63の島からなる,食料の9割以上を輸入に頼る,
TH,Asia,タイ,21世紀に入っても不敬罪が存在する数少ない君主国である。男性は徴兵制による2年間の兵役の義務を有する。米、タピオカ、天然ゴム、穀物、砂糖などを多く輸出している。,不敬罪が存在する,徴兵制がある,米、タピオカなどを多く輸出する,
NP,Asia,ネパール,"中国国境地帯にはエベレストを始めとする8,000m級の高峰を含むヒマラヤ山脈が存在する。国の上部から下部に至るまで賄賂が蔓延している。昼食を食べる習慣があまり無く朝食と夕食の2回が多い。",ヒマラヤ山脈がある,賄賂が蔓延している,昼食を食べる習慣があまり無い,
TM,Asia,トルクメニスタン,ほぼ全域が砂漠気候である。夫婦別姓か同姓かを選択することができる。洞窟に貫通する形で崩落した天然ガス田の「地獄の門」がある。,ほぼ全域が砂漠気候である,夫婦別姓か同姓かを選択することができる,地獄の門がある,
KZ,Asia,カザフスタン,石油、天然ガス、石炭、ウラン、銅、鉛、亜鉛などに恵まれた資源大国である。人が住めるところは少なく、人口の大半は首都と一部の地域に偏在している。料理はラグマン、ポロ、シシカバブなどが有名。,石油、天然ガス、鉱物などに恵まれた資源大国である,人口の大半は首都と一部の地域に偏在している,料理はラグマン、ポロ、シシカバブなどが有名,
UZ,Asia,ウズベキスタン,平均年齢は低く、全人口の約23.19%は14歳以下である。オーブンや窯で焼かれたパイのサモサが有名。国技にクラッシュがある。,全人口の約23.19%は14歳以下である,パイのサモサが有名,国技にクラッシュがある,
IL,Asia,イスラエル,中東のシリコンバレーとも呼ばれ、インテルやマイクロソフトなどの世界的に有名な企業の研究所が軒を連ねる。宗教婚のみ認めており、民事婚は認めていない。ユダヤ人の聖地とされる、嘆きの壁がある。,中東のシリコンバレーとも呼ばれる,宗教婚のみ認めており、民事婚は認めていない,ユダヤ人の聖地とされる、嘆きの壁がある,
ID,Asia,インドネシア,"赤道にまたがる1万7,504もの大小の島により構成されている。人口は2億7,000万人を超える世界第4位である。ジャワ島、スマトラ島がある。","1万7,504もの大小の島により構成されている",人口は世界第4位である,ジャワ島、スマトラ島がある,
AU,Oceania,オーストラリア,ヨーロッパとほぼ同じ大きさの世界最大の島であり、地球で1番小さい大陸。国の91％はオーストラリアならではの植物で覆われており、世界遺産が1番多い国である。広大な自然には多くの動物が暮らしている。その８割が固有種で生息数も多く、カンガルーが人口の3倍生息している。国旗の南十字星はオーストラリアが南半球にあることを示しており、星の数はオーストラリアの６つの州と特別地域を表わしている。,地球で1番小さい大陸,世界遺産が1番多い国,カンガルーが人口の3倍生息している,
NZ,Oceania,ニュージーランド,イギリスと同程度の面積を持つが人口はたったの440万人。羊の数が多く人口の6倍生息している。ニュージーランドの国鳥であるキーウィは「ニュージーランドの」という形容詞として用いられることがある。ラグビーで有名だが、ヨット競技であるセーリングも盛んで強豪国として君臨している。,羊が人口の6倍生息している,国鳥はキーウィ,ラグビーとセーリングが盛ん,
KI,Oceania,キリバス,キリバスは33の島々からなり、赤道付近に350万km2にもわたって散らばっている。そのために世界第3位に相当する排他的経済水域を有している。海面上昇により2050年には25%〜80%が海水に浸食されてしまうと言われている。国旗の海から昇る太陽の図柄は、この国が日付変更線に近く、世界で一番早く太陽が昇る国であることを表している。,世界で一番早く太陽が昇る国,33の島々からなる国,海面上昇により海水に浸食されている,
TV,Oceania,ツバル,"独立国としては、ナウルの次に人口が少ない。海抜が最高でも5メートルと低いため、海面上昇や地盤沈下が起こると国の存在そのものが脅かされることになる。国のトップレベルドメインとして割り振られた“.tv” を5,000万ドルで売却し、この売却益を元に国連加盟を果たした。国旗の星はツバルの9つの島々を表し、旗が縦に掲揚されたときに地理的に正しく配置されるようデザインされている。",2番目に人口が少ない国,海抜が最高で5メートル,国のトップレベルドメインを売却した,
IT,Europe,イタリア,ヨーロッパにおける古代文化の発祥地の一つとして知られ、同時に世界的な文化大国の一国に数えられている。文化・学問・宗教で歴史的に影響力を発揮しており、バチカン市国を首都ローマの領域内に事実上保護し、レオナルド・ダ・ヴィンチやガリレオ、ミケランジェロ、コロンブス、マキャヴェリといった偉人たちの故国でもある。,軍事面では、世界第8位の軍事力を有している,海岸部ではときにボラ（冬の北東季節風）の影響が及んで冷たい潮風が吹きつける,火山国でもあり、特に中部と南部ではしばしば地震が起こる,
NR,Oceania,ナウル,世界で3番目に小さな国連加盟国。かつてはリン鉱石の輸出によって栄え、1980年代には太平洋地域で最も高い生活水準を享受し、公共料金や税金は無料だった。この影響か、肥満者が多く、糖尿病患者の割合が多い。国旗のデザインはナウルの地理的位置を示している。黄色の横線は赤道、青地は太平洋、白い星はナウルを表す。星の12本の光はナウルの12の原住民族を象徴している。,世界で3番目に小さな国連加盟国,公共料金や税金が無料の時期があった,国旗はこの国の地理的位置を示している,
PG,Oceania,パプアニューギニア,ニューギニア島の東半分及び周辺の島々からなる国。元々あったパプアとニューギニアが合併してできた。500の部族と869の部族語が飛び交う部族国家でワントク社会と呼ばれる強い一族共同体意識により、それ以外は部外者とみなされるため、部族間抗争が絶えない。国旗は独立を前に行われた公募コンテストで選ばれたもので、黄色い鳥は国鳥の極楽鳥を表している。,ニューギニア島の東半分及び周辺の島々からなる,500の部族と869の部族語が飛び交う部族国家,部族間抗争が絶えない国,
PW,Oceania,パラオ,太平洋ミクロネシア地域の約300の島々からなる国で、人口は世界で4番目に少ない。親日国家で日本語を公用語として採用している州があることでも知られる。自然が豊かで、日本と時差がないため観光地として人気。国旗はデザインを決めるコンテストで優勝したものである。黄色の部分は月を表し、日の丸を特別意識したわけではないと国旗デザイン者は語っている。,約300の島々からなる国,日本語を公用語として採用している州がある,人口は世界で4番目に少ない,
MH,Oceania,マーシャル諸島,「真珠の首飾り」と呼ばれる29の環礁と5 つの島からなる国。ファミリーマートが存在するが偽物。国旗のデザインはマーシャル諸島の地理的位置を示している。白とオレンジ色の斜線は赤道、青地は太平洋、白の太平洋はマーシャル諸島を表す。太陽の24本の光は24の地区を表し、４本が長いことでキリスト教の十字架を示している。,「真珠の首飾り」と呼ばれる国,偽物のファミリーマートがある,国旗のデザインはこの国の地理的位置を示している,
CK,Oceania,クック諸島,太平洋に点在する15の主要な島からなり、北部の諸島に6つの環礁、南部の諸島に珊瑚礁で囲まれた7つの火山島と2つの環礁がある。観光地化が進んでおらず、未開発の状態ゆえに「最後の楽園」と形容されることが多い。ニュージーランドと自由連合関係にあるため、島民はニュージーランド国籍を有している。国旗の星はクック諸島を構成する15の島を表している。,「最後の楽園」と形容される,島民はニュージーランド国籍を有している,太平洋に点在する15の主要な島からなる国,
TO,Oceania,トンガ,171の島からなる群島であり、そのうち45が居住地であるが、人工の70％が本島に居住している。トンガ人は「ガリバー旅行記」の巨人国のモデルといわれる大柄な民族。人工の約8割以上の人が肥満で、男女ともに肥満率は世界第1位である。過去の国旗がスイスの国旗と酷似していたため変更を余儀なくされたという歴史がある。,「ガリバー旅行記」の巨人国のモデル,男女ともに肥満率が世界第1位である,人工の約8割以上の人が肥満,
CU,LatinAmericaandCaribbean,キューバ,カリブ海にある島国で、内陸部には山脈が走り数多くの世界遺産がる。カリブ海沿岸にはビーチリゾートが点在している。通貨は外国人がつかうCUCとキューバ国民が使うCUPの2種類が存在している。アメリカと約50年もの間、国交が断絶していたが、2016年に国交が正常化された。この影響からキューバの街には50～60年代のクラシックカーが走っている。,カリブ海にある島国,通貨が2種類存在する,街にはクラシックカーが走っている,
CR,LatinAmericaandCaribbean,コスタリカ,北米と南米の合流地点として、様々な生態系が集まる世界でも有数の自然大国。「ジュラシック･パーク」の舞台として有名。国土の4分の1を国立公園や自然保護区に指定し、動植物を守る活動やエコツーリズムの推進に力を入れている。国内電力の98％以上が再生可能エネルギーによって供給されている。地球幸福度指数で4回連続1位に輝き、世界一幸せの国と呼ばれる。,「ジュラシック･パーク」の舞台,国内電力の98％以上が再生可能エネルギー,世界一幸せの国と呼ばれる,
BO,LatinAmericaandCaribbean,ボリビア,"国土には4,000ｍ以上の山々が連なるアンデス山脈等の高地のほか、渓谷や熱帯雨林、サバンナを有するなど、豊かな自然環境に恵まれている。ウユニ塩湖が観光地として人気である。憲法上の首都はスクレだが、ラパスが実質的な首都機能を担っている。ラパスは標高3600メートルで、世界で最も高所にある首都となっている。",ウユニ塩湖が観光地として人気,世界で最も高所にある首都がある,アンデス山脈の高地の上に都市が存在する,
SE,Europe,スウェーデン,スウェーデンの面積は日本よりやや広く、日本全土に北海道をもうひとつ足した程度である。面積のわりに人口が少なく、スウェーデンの総人口は約1045万人と日本の12分の1程度であり、東京23区と同じくらいである。民主主義の成熟性が高く評価されており、エコノミスト誌傘下の研究所エコノミスト・インテリジェンス・ユニットによる民主主義指数は、ノルウェーとアイスランドに次ぐ世界3位で「完全な民主主義」に分類されている。,属する大陸内で人種差別の程度が最も低い国である,世界一臭い食べ物といわれるシュールストレミングが有名である,全て手で彫られた氷の家具を用いたアイスホテルというホテルがある,
DK,Europe,デンマーク,有史以前から人が住んでいたとされている。氷期の到来によって人はこの地を追われるが、紀元前12000年頃から人が住み続けていると考えられている。農業は紀元前3000年頃始まったといわれる。社会はグローバル化とデジタル化が進んでおり、それは家庭と企業活動において多大な利益をもたらしている。デンマークは欧州において最もデジタル化された社会である。,有名な童話は「裸の王様」と「マッチ売りの少女」,チボリ公園という170年以上の歴史がある老舗遊園地がある,LEGOの創業国,
NO,Europe,ノルウェー,"首都は半島南端部に存在するオスロ・フィヨルドの奥に形成された港湾都市のオスロ。欧州連合(EU)には非加盟である。人口は500万人ほどで約9割がキリスト教徒である。考古学上の発見が示すところによると、ノルウェーには約12,000年前には人が住んでいた。彼らはおそらくもっと南の地域、ドイツ北部からやってきて、海岸線に沿ってさらに北上したと考えられている。",2008年より、同性同士の婚姻（同性結婚）が可能となっている,ソグネフィヨルデンと言われる世界で最も深いフィヨルドがある,サーモンを大量に輸出し、食べることで知られている,
CH,Europe,スイス,永世中立国である。ドイツ、フランス、イタリア、オーストリア、リヒテンシュタインに囲まれた内陸に位置し、国内には多くの国際機関の本部が置かれている。首都はベルン。,「アルプスの少女ハイジ」で有名,チーズフォンデュやチョコが有名,嘆きのライオンといわれる岩肌に彫られたライオンの彫刻がある,
CZ,Europe,チェコ,国体が常に激しく変化して来た歴史を持つ国家の一つである。かつてはチェコスロバキアと呼ばれた共産主義体制国家の構成地域であったが、1989年からの革命によってその体制が崩壊したことから、1993年にチェコとスロバキアへ分離して現在の同国が成立した。,一人あたりのビール年間消費量が世界一で水よりもビールが安いと言われている,「ダンシング ハウス」という捻じ曲がった建造物が存在する,プラハには「建築博物館の街」と言われる中世の街並みが広がっている,
BG,Europe,ブルガリア,ヨーロッパの共和制国家である。 バルカン半島に位置し、首都はソフィアである。トラキアで紀元前4000年頃のものと思われる黄金製品の遺物を多数持つ遺跡群が確認されており、考古学者の間で新しい「文明」なのではないかと論じられている。,世界有数のバラの産地,ヨーグルトが有名,隠れた温泉大国で約700もの温泉があり、テルマエロマエの撮影にも使われた,
ME,Europe,モンテネグロ,21世紀に独立を果たした国家の一つに数えられている。前身はユーゴスラビア紛争によるユーゴスラビア社会主義連邦共和国の解体によって成立したユーゴスラビア連邦共和国（1992年-2003年）およびセルビア・モンテネグロ（2003年-2006年）を構成する2つの共和国のうちのひとつ、モンテネグロ共和国であった。モンテネグロ共和国は2006年6月3日に独立を宣言し、現在の同名国家となる形で消滅した。,旧市街に古代の「城壁」、世界遺産の街コトルがある,面積が日本の福島県とほぼ同程度である,国名はイタリア語で「黒い山」を意味する,
HR,Europe,クロアチア,南ヨーロッパ、バルカン半島にある共和制国家である。首都はザグレブ。ユーゴスラビアを構成していたが、1991年に独立した。サッカーが有名でFIFAワールドカップ2018年大会では初となる決勝進出を果たし、準優勝に輝いた。キャプテンのルカ・モドリッチは、同大会でゴールデンボール（最優秀選手）を受賞し、さらに同年にはFIFA最優秀選手賞とバロンドールも獲得している。,近年サッカーで力をつけていてFIFAワールドカップ2018年大会で準優勝している,ネクタイ、ダルメシアンが発祥の国,マグロを養殖していて主に日本に輸出している,
GR,Europe,ギリシャ,"ギリシャの人口は約1,081万人、面積は日本の約3分の1である。アテネは首都および最大都市であり、テッサロニキは第2の都市および中央マケドニアの州都である。ヨーロッパの南東端にあり、アジアおよびアフリカとの交差点にある。",世界遺産であるアクロポリス遺跡がある,空中に吊り上げられ浮かんでいるような岩の塔である「メテオラ」がある,オリンピック発祥の地,
UA,Europe,ウクライナ,旧ソ連の構成国で1991年に独立した。黒海に突き出したクリミア半島では、地中海特有の温暖な冬と暑くて乾燥した夏の気候があらわれる。国土の中央を流れるドニエプル川のほか、国内を縦横に大きな河川が流れ、水資源が豊富で河川交通にも利用されている。国土の7割以上が農地で、とくにドニエプル川流域は肥沃な黒土（チェルノーゼム）地帯で世界的な穀倉地帯の一つである。,近年ロシアが軍事侵攻を行った,「ソフィア大聖堂」という世界遺産の教会がある,近年観光スポットとして「愛のトンネル」と呼ばれるトンネルが有名である,
RU,Europe,ロシア,ロシア連邦は、ユーラシア大陸北部に位置する連邦共和制国家である。首都はモスクワ市。領土は旧ロシア帝国およびソビエト連邦の大半を引き継いでおり、ヨーロッパからシベリア・極東に及ぶ。面積は1709万平方キロメートル以上と世界最大である。,"「バイカル湖」と呼ばれる2,500万年前に海から切り離されて誕生した世界最古の湖がある",民芸品にマトリョーシカがある,世界で初めて人間を宇宙へと送り出した国である,
AT,Europe,オーストリア,中央ヨーロッパに位置する連邦共和制国家で首都はウィーン。中欧に650年間ハプスブルク家の帝国として君臨し、第一次世界大戦まではイギリス、フランス、ドイツ、ロシアと並ぶ欧州五大国、列強の一角を占めていた。音楽を中心に文化大国としての歴史も有する。,総人口が約880万人で約98%がドイツ語を母国語とする,モーツァルトの生誕地,パリやミラノと並ぶヨーロッパ3大オペラ劇場のひとつである「国立オペラ座」がある,
NL,Europe,オランダ,オランダは世界において、報道の自由、経済的自由、人間開発指数、クオリティ・オブ・ライフの最上位国の一つである。古くより他国で思想・信条を理由として迫害された人々を受け入れることで繁栄してきたという自負があるため、何ごとに対しても寛容であることが最大の特徴といえる。2019年5月の欧州連合人種差別報告書によると、オランダはスウェーデンと並んで、欧州連合の中でアジア人に対する差別が最も少ない国となっている。,チューリップが国花である,世界遺産に風車のキンデルダイクがある,ゴッホの誕生国,
ES,Europe,スペイン,ヨーロッパ南西部のイベリア半島に位置するスペインは、年間を通して晴れの日が多く、じめじめすることがない気候で、とても過ごしやすい国である。「情熱の国」とも表現される。世界遺産の登録数は2021年時点で49ヵ所と世界第4位であり、アルハンブラ宮殿のある南部の都市グラナダや、サグラダ・ファミリアに代表されるガウディ作品が見られる北東部の都市バルセロナには世界各地から観光客が訪れる。,「トマト祭り」と呼ばれる祭典がある,未完の世界遺産「サグラダ・ファミリア」がある,「シエスタ」という風習がある,
PT,Europe,ポルトガル,"北と東にスペインと国境を接し、国境線の総延長は1,214kmに及ぶ。首都はリスボン。ヨーロッパでいち早く海外進出した国である。最初に中国や日本などの東アジアと接触した国でもある。",サッカー選手クリスティアーノ・ロナウドの母国,ワインボトルの栓などに使われる「コルク」が特産品である,ポートワインが有名である,
FR,Europe,フランス,西ヨーロッパに位置する共和制国家。首都はパリ。地中海沿岸にミニ国家のモナコがある。数多くの世界遺産を抱えており、世界で最も観光客の多い国の一つである。経済大国であり、農産物輸出額でも世界トップクラス。ＥＵの中で最大の農業大国である。,首都パリは「芸術の都」と呼ばれる,エッフェル塔がある,ルーヴル美術館がある,
DE,Europe,ドイツ,中央ヨーロッパに位置する連邦共和制国家。首都および人口が最大の都市はベルリン。欧州大陸における政治的・経済的な主要国であり、歴史上、多くの文化・科学・技術分野における重要な指導国でもある。人口は約8300万人で、これは欧州連合において最大である。欧州の大国「ビッグ4」や列強の一国に数えられ、ドイツは世界第1位の移住地である。,ビールとソーセージが有名である,「白鳥城」とも呼ばれるノイシュヴァンシュタイン城がある,「ベルリンの壁」がある,
BE,Europe,ベルギー,首都ブリュッセル（ブリュッセル首都圏地域）は欧州連合（EU）の主要機関の多くが置かれているため「EUの首都」とも言われており、その通信・金融網はヨーロッパを越えて地球規模である。オランダ，ルクセンブルクと合わせて「ベネルクス」と呼ばれている。,「EUの首都」と呼ばれている,チョコレートやワッフルが有名,世界遺産のブルージュ歴史地区がある,
